{"RuleTriggered": 0, "Violations": 0, "Details": {"pin_memory": false, "num_workers": 0, "cores": 36, "dataloaders": 1, "dataloading_time": {"p25": 0.0215675, "p50": 0.02224, "p95": 0.02479245, "probs": [1, 0, 0, 0, 0, 0, 0, 0, 0, 0, 0, 0, 0, 0, 0, 0, 0, 0, 0, 0, 0, 0, 0, 0, 0, 0, 0, 0, 0, 0, 0, 0, 0, 0, 0, 0, 0, 0, 0, 0, 0, 0, 0, 0, 0, 0, 0, 0, 0, 0, 0, 0, 0, 0, 0, 0, 0, 0, 0, 0, 0, 0, 0, 0, 0, 0, 0, 0, 0, 0, 0, 0, 0, 0, 0, 0, 0, 0, 0, 0, 3, 0, 0, 1, 0, 0, 1, 1, 0, 0, 0, 1, 0, 0, 0, 0, 0, 0, 0, 2], "binedges": [0.008085, 0.00825216, 0.008419320000000001, 0.00858648, 0.00875364, 0.0089208, 0.00908796, 0.00925512, 0.00942228, 0.009589440000000001, 0.0097566, 0.00992376, 0.01009092, 0.010258080000000001, 0.01042524, 0.0105924, 0.010759560000000001, 0.010926720000000001, 0.01109388, 0.01126104, 0.0114282, 0.01159536, 0.01176252, 0.011929680000000002, 0.012096840000000001, 0.012264, 0.01243116, 0.01259832, 0.012765480000000001, 0.01293264, 0.013099800000000002, 0.013266960000000001, 0.01343412, 0.01360128, 0.01376844, 0.013935600000000001, 0.01410276, 0.014269920000000002, 0.014437080000000001, 0.014604240000000001, 0.0147714, 0.01493856, 0.015105720000000001, 0.01527288, 0.015440040000000002, 0.015607200000000002, 0.01577436, 0.01594152, 0.01610868, 0.01627584, 0.016443, 0.01661016, 0.016777320000000002, 0.01694448, 0.01711164, 0.0172788, 0.017445960000000003, 0.017613120000000003, 0.017780280000000002, 0.017947440000000002, 0.0181146, 0.01828176, 0.01844892, 0.01861608, 0.01878324, 0.0189504, 0.019117560000000002, 0.01928472, 0.01945188, 0.01961904, 0.019786200000000004, 0.019953360000000003, 0.020120520000000003, 0.020287680000000002, 0.020454840000000002, 0.020622, 0.02078916, 0.02095632, 0.02112348, 0.02129064, 0.0214578, 0.021624960000000002, 0.02179212, 0.02195928, 0.022126440000000004, 0.022293600000000004, 0.022460760000000003, 0.022627920000000003, 0.022795080000000002, 0.022962240000000002, 0.0231294, 0.02329656, 0.02346372, 0.02363088, 0.02379804, 0.0239652, 0.024132360000000005, 0.024299520000000005, 0.024466680000000005, 0.024633840000000004, 0.024801]}}, "Datapoints": 10, "RuleParameters": "min_threshold:70\nmax_threshold:200"}