{"RuleTriggered": 0, "Violations": 0, "Details": {"step_num": {"first": 1656734572671141, "last": 1656737028960166}, "job_start": 1656734483.500966, "job_end": 1656737039.501275}, "Datapoints": 88, "RuleParameters": "threshold:20"}