{"RuleTriggered": 0, "Violations": 0, "Details": {"ratio": {"cpu_functions": 100.0}, "phase": {"Step:ModeKeys.GLOBAL": 107.28427576502601, "others": -7.284275765026026}, "phase_time": {}, "general": {"DataLoaderIterInitialize": 0.007758275704725972, "Forward": 99.98337723500448, "DataLoaderIter": 0.00886448929078391}, "CPU": {"dropout": 2.9876900656353853, "matmul": 10.512778512025822, "mm": 30.44950881630315, "NativeLayerNormBackward": 5.859135963063837, "native_layer_norm_backward": 5.857640245973848, "MmBackward": 21.254509590832864, "GeluBackward": 11.53953728664607, "gelu_backward": 11.53919951951903}, "CPU_total": {"dropout": 11773246, "matmul": 41426495, "mm": 119988871, "NativeLayerNormBackward": 23088422, "native_layer_norm_backward": 23082528, "MmBackward": 83755197, "GeluBackward": 45472525, "gelu_backward": 45471194}}, "Datapoints": 0, "RuleParameters": ""}